{
    "name": "Minecraft-Dorf",
    "uri": "../../../../common/models/village.glb",
    "bounds": {
        "x": [
            -15,
            15
        ],
        "y": [
            1,
            10
        ],
        "z": [
            -15,
            15
        ]
    },
    "fpPlanes": {
        "near": 0.01,
        "far": 42
    },
    "tpPlanes": {
        "near": 1,
        "far": 110
    },
    "defaultCurves": [
        [
            [
                10.043198,
                5.475243,
                5.563218
            ],
            [
                7.686436,
                3.652272,
                9.263573
            ],
            [
                4.300589,
                1.656146,
                11.993105
            ],
            [
                -0.527223,
                1.656146,
                11.965804
            ]
        ],
        [
            [
                -0.527223,
                1.656146,
                11.965804
            ],
            [
                -8.581993,
                1.656146,
                11.920255
            ],
            [
                -8.435718,
                1.434253,
                8.198997
            ],
            [
                -3.421781,
                1.084167,
                4.932407
            ]
        ],
        [
            [
                -3.421781,
                1.084167,
                4.932407
            ],
            [
                -0.891629,
                0.907505,
                3.284008
            ],
            [
                -0.130068,
                1.941552,
                0.050681
            ],
            [
                -2.474293,
                2.484687,
                -4.327075
            ]
        ],
        [
            [
                -2.474293,
                2.484687,
                -4.327075
            ],
            [
                -4.790817,
                3.021404,
                -8.653101
            ],
            [
                3.799732,
                2.872182,
                -14.169964
            ],
            [
                6.409611,
                2.872182,
                -7.789336
            ]
        ],
        [
            [
                6.409611,
                2.872182,
                -7.789336
            ],
            [
                7.976562,
                2.872182,
                -3.958456
            ],
            [
                11.552892,
                6.643001,
                3.192845
            ],
            [
                10.043198,
                5.475243,
                5.563218
            ]
        ]
    ]
}
