{
    "name": "Wasserfall",
    "uri": "../../../../common/models/waterfall.glb",
    "bounds": {
        "x": [
            -50,
            35
        ],
        "y": [
            1,
            15
        ],
        "z": [
            -25,
            30
        ]
    },
    "fpPlanes": {
        "near": 0.1,
        "far": 120
    },
    "tpPlanes": {
        "near": 1,
        "far": 170
    },
    "defaultCurves": [
        [
            [
                17.851803,
                1.675606,
                -1.678421
            ],
            [
                13.141865,
                -0.961448,
                -5.790828
            ],
            [
                2.659561,
                7.590496,
                -25.720480
            ],
            [
                -13.214705,
                7.590496,
                -26.809242
            ]
        ],
        [
            [
                -13.214705,
                7.590496,
                -26.809242
            ],
            [
                -50.645004,
                7.590496,
                -29.376459
            ],
            [
                -42.310104,
                -1.731490,
                -6.557241
            ],
            [
                -42.169930,
                2.700713,
                5.271811
            ]
        ],
        [
            [
                -42.169930,
                2.700713,
                5.271811
            ],
            [
                -41.947014,
                9.749113,
                24.083202
            ],
            [
                -12.743891,
                11.667259,
                31.474844
            ],
            [
                1.592770,
                2.409864,
                15.012333
            ]
        ],
        [
            [
                1.592770,
                2.409864,
                15.012333
            ],
            [
                7.531758,
                -1.425029,
                8.192707
            ],
            [
                -1.823488,
                0.920565,
                -13.299051
            ],
            [
                4.762535,
                0.979154,
                -13.216064
            ]
        ],
        [
            [
                4.762535,
                0.979154,
                -13.216064
            ],
            [
                10.818563,
                1.033028,
                -13.139756
            ],
            [
                12.728374,
                -0.528033,
                5.061544
            ],
            [
                15.514858,
                6.396549,
                17.880295
            ]
        ],
        [
            [
                15.514858,
                6.396549,
                17.880295
            ],
            [
                20.269627,
                18.212433,
                39.753799
            ],
            [
                55.675461,
                6.575336,
                36.952694
            ],
            [
                59.913040,
                7.017499,
                31.874149
            ]
        ],
        [
            [
                59.913040,
                7.017499,
                31.874149
            ],
            [
                64.198799,
                7.464689,
                26.737865
            ],
            [
                38.095634,
                13.009953,
                15.997160
            ],
            [
                17.851803,
                1.675606,
                -1.678421
            ]
        ]
    ]
}
