{
    "name": "Weihnachtsdorf",
    "uri": "../../../../common/models/xmasVillage.glb",
    "bounds": {
        "x": [
            -15,
            15
        ],
        "y": [
            0,
            5
        ],
        "z": [
            -15,
            15
        ]
    },
    "fpPlanes": {
        "near": 0.01,
        "far": 42
    },
    "tpPlanes": {
        "near": 1,
        "far": 110
    },
    "defaultCurves": [
        [
            [
                -10.590615,
                1.789069,
                0.035093
            ],
            [
                -11.260749,
                1.086669,
                12.938529
            ],
            [
                10.089635,
                0.098960,
                15.377980
            ],
            [
                10.500072,
                0.451533,
                -0.078127
            ]
        ],
        [
            [
                10.500072,
                0.451533,
                -0.078127
            ],
            [
                10.902184,
                0.796954,
                -15.220661
            ],
            [
                -16.353056,
                5.943204,
                -6.543159
            ],
            [
                0.803139,
                2.201519,
                -1.673711
            ]
        ],
        [
            [
                0.803139,
                2.201519,
                -1.673711
            ],
            [
                3.901266,
                1.525832,
                -0.794369
            ],
            [
                1.408715,
                1.567299,
                4.487040
            ],
            [
                -1.620241,
                1.567299,
                1.685958
            ]
        ],
        [
            [
                -1.620241,
                1.567299,
                1.685958
            ],
            [
                -4.695495,
                1.567299,
                -1.157938
            ],
            [
                -9.947423,
                2.463230,
                -12.349582
            ],
            [
                -10.590615,
                1.789069,
                0.035093
            ]
        ]
    ]
}
